{
  "CRAZYHORSE": 49742.42,
  "CWAD": 7000.0,
  "SHITMOS": 103367.643566,
  "OSMO": 25.329605
}