{
  "CRAZYHORSE": 49770.36,
  "CWAD": 7000.0,
  "SHITMOS": 103983.563565,
  "OSMO": 25.339605
}