{
  "CRAZYHORSE": 49742.42,
  "CWAD": 7000.0,
  "SHITMOS": 112677.936538,
  "RSTK": 37.332787,
  "OSMO": 15.242516
}