{
  "CRAZYHORSE": 49742.42,
  "CWAD": 7000.0,
  "SHITMOS": 112179.763756,
  "RSTK": 37.281921,
  "OSMO": 5.679485
}