{
  "CRAZYHORSE": 49742.42,
  "CWAD": 7000.0,
  "SHITMOS": 113083.011925,
  "RSTK": 37.385992,
  "OSMO": 15.242188
}