{
  "CRAZYHORSE": 49742.42,
  "CWAD": 7000.0,
  "SHITMOS": 103983.563565,
  "OSMO": 25.334605
}