{
  "CRAZYHORSE": 49742.42,
  "CWAD": 7000.0,
  "factory/osmo1q77cw0mmlluxu0wr29fcdd0tdnh78gzhkvhe4n6ulal9qvrtu43qtd0nh8/pnt": 299.7,
  "SHITMOS": 108684.414782,
  "RSTK": 37.281921,
  "OSMO": 378.506365
}