{
  "CRAZYHORSE": 49797.3,
  "CWAD": 7000.0,
  "SHITMOS": 103983.563565,
  "OSMO": 25.349605
}