{
  "CRAZYHORSE": 49742.42,
  "CWAD": 7000.0,
  "SHITMOS": 113477.756538,
  "RSTK": 37.332787,
  "OSMO": 15.247516
}