{
  "CRAZYHORSE": 49742.42,
  "CWAD": 7000.0,
  "SHITMOS": 113882.831925,
  "RSTK": 37.385992,
  "OSMO": 15.247188
}