{
  "factory/osmo1q77cw0mmlluxu0wr29fcdd0tdnh78gzhkvhe4n6ulal9qvrtu43qtd0nh8/crmh": 34000.0,
  "PNT": 34655.36,
  "SHITMOS": 50117.548481,
  "OSMO": 4.308913
}