{
  "PNT": 34655.36,
  "SHITMOS": 54590.848481,
  "OSMO": 4.442753
}