{
  "PNT": 41670.56,
  "SHITMOS": 56350.601108,
  "OSMO": 4.761969
}