{
  "PNT": 45835.28,
  "SHITMOS": 56350.601108,
  "OSMO": 4.864413
}