{
  "PNT": 50000.0,
  "SHITMOS": 56350.601108,
  "OSMO": 4.992468
}