{
  "PNT": 39588.2,
  "SHITMOS": 56350.601108,
  "OSMO": 4.710433
}