{
  "CRAZYHORSE": 49742.42,
  "CWAD": 7000.0,
  "SHITMOS": 106967.775459,
  "RSTK": 37.385992,
  "OSMO": 15.257188
}