{
  "CRAZYHORSE": 48809.22,
  "CWAD": 7000.0,
  "factory/osmo1q77cw0mmlluxu0wr29fcdd0tdnh78gzhkvhe4n6ulal9qvrtu43qtd0nh8/pnt": 466.2,
  "SHITMOS": 108952.588035,
  "ibc/498A0751C798A0D9A389AA3691123DADA57DAA4FE165D5C75894505B876BA6E4": 0.192876,
  "RSTK": 37.281921,
  "OSMO": 30.000738
}