{
  "CRAZYHORSE": 49742.42,
  "CWAD": 7000.0,
  "factory/osmo1q77cw0mmlluxu0wr29fcdd0tdnh78gzhkvhe4n6ulal9qvrtu43qtd0nh8/pnt": 299.7,
  "SHITMOS": 105916.087337,
  "ibc/498A0751C798A0D9A389AA3691123DADA57DAA4FE165D5C75894505B876BA6E4": 0.194899,
  "RSTK": 37.281921,
  "OSMO": 53.324957
}