{
  "CRAZYHORSE": 49742.42,
  "CWAD": 7000.0,
  "SHITMOS": 107671.695458,
  "RSTK": 37.385992,
  "OSMO": 15.262188
}