{
  "factory/stars133a6mnkp9d3pkt48y699hy0tvq5xngpz7cwak0qr4suq0cj9zpfslvt0em/kingshit": 222.653452,
  "factory/stars16da2uus9zrsy83h23ur42v3lglg5rmyrpqnju4/mGAZE": 16.2,
  "factory/stars1akwppckuam50lw59a8llhlf8yucx53c9ve6e76ll7mfcndjytvwqdrjnvp/astroport/share": 1241.08975,
  "PLEB": 1165780.549484,
  "ibc/4A1C18CA7F50544760CF306189B810CE4C1CB156C7FC870143D401FE7280E591": 1.674209,
  "SHITMOS": 430.070567,
  "ibc/9DF365E2C0EF4EA02FA771F638BB9C0C830EFCD354629BDC017F79B348B4E989": 0.0045,
  "ibc/ED07A3391A112B175915CD8FAF43A2DA8E4790EDE12566649D0C2F97716B8518": 5.879617,
  "STARS": 1383.143729
}