{
  "CRMH": 34000.0,
  "PNT": 21295.4,
  "SHITMOS": 52953.778179,
  "OSMO": 20.559051
}