{
  "CRMH": 19201.48,
  "PNT": 11895.92,
  "SHITMOS": 56326.785094,
  "OSMO": 19.804547
}