{
  "CRMH": 34000.0,
  "PNT": 34655.36,
  "SHITMOS": 66371.025722,
  "OSMO": 21.175309
}