{
  "CRMH": 34000.0,
  "PNT": 34655.36,
  "SHITMOS": 61437.165722,
  "OSMO": 21.067916
}