{
  "CRMH": 4402.96,
  "PNT": 2161.220001,
  "SHITMOS": 44105.191387,
  "OSMO": 3.560833
}