{
  "CRMH": 4402.96,
  "PNT": 2161.220001,
  "SHITMOS": 46792.005223,
  "OSMO": 5.384223
}