{
  "CRMH": 34000.0,
  "PNT": 34655.36,
  "SHITMOS": 41320.682869,
  "OSMO": 3.532641
}