{
  "CRMH": 34000.0,
  "PNT": 25255.88,
  "SHITMOS": 52953.778179,
  "OSMO": 20.639355
}