{
  "CRMH": 34000.0,
  "PNT": 11895.92,
  "SHITMOS": 51213.922134,
  "OSMO": 20.232835
}