{
  "PNT": 34655.36,
  "SHITMOS": 56350.601108,
  "OSMO": 4.576593
}