{
  "factory/osmo1q77cw0mmlluxu0wr29fcdd0tdnh78gzhkvhe4n6ulal9qvrtu43qtd0nh8/crmh": 34000.0,
  "PNT": 34655.36,
  "SHITMOS": 48009.32405,
  "OSMO": 4.175073
}