{
  "CRMH": 34000.0,
  "PNT": 11895.92,
  "SHITMOS": 52953.778179,
  "OSMO": 20.339907
}