{
  "CRMH": 4402.96,
  "PNT": 2292.2,
  "SHITMOS": 56326.785094,
  "OSMO": 19.259187
}