{
  "CRMH": 34000.0,
  "PNT": 34655.36,
  "SHITMOS": 57107.897276,
  "OSMO": 20.960571
}