{
  "CRMH": 4402.96,
  "PNT": 2161.220001,
  "SHITMOS": 52590.645223,
  "OSMO": 5.816223
}