{
  "CRMH": 4402.96,
  "PNT": 2161.220001,
  "SHITMOS": 51524.925094,
  "OSMO": 19.147115
}