{
  "CRMH": 24134.32,
  "PNT": 11895.92,
  "SHITMOS": 56326.785094,
  "OSMO": 19.911619
}