{
  "CRMH": 4402.96,
  "PNT": 2161.220001,
  "SHITMOS": 53096.805223,
  "OSMO": 5.923295
}