{
  "CRMH": 29067.16,
  "PNT": 11895.92,
  "SHITMOS": 56326.785094,
  "OSMO": 20.018691
}