{
  "CRMH": 34000.0,
  "PNT": 11895.92,
  "SHITMOS": 56326.785094,
  "OSMO": 20.232835
}