{
  "CRMH": 34000.0,
  "PNT": 11895.92,
  "SHITMOS": 55989.142134,
  "OSMO": 20.339907
}