{
  "CRMH": 14268.64,
  "PNT": 11895.92,
  "SHITMOS": 56326.785094,
  "OSMO": 19.697475
}