{
  "PNT": 43752.92,
  "SHITMOS": 56350.601108,
  "OSMO": 4.813191
}