{
  "CRMH": 34000.0,
  "PNT": 34655.36,
  "SHITMOS": 66021.465722,
  "OSMO": 21.174988
}