{
  "PNT": 47917.64,
  "SHITMOS": 56350.601108,
  "OSMO": 4.915635
}