{
  "PNT": 34655.36,
  "SHITMOS": 58979.788481,
  "OSMO": 4.576593
}