{
  "CRMH": 34000.0,
  "PNT": 34655.36,
  "SHITMOS": 57653.518179,
  "OSMO": 20.960571
}