{
  "CRMH": 4402.96,
  "PNT": 2161.220001,
  "SHITMOS": 49035.811387,
  "OSMO": 3.740833
}