{
  "CRMH": 4402.96,
  "PNT": 2161.220001,
  "SHITMOS": 56326.785094,
  "OSMO": 19.254187
}