{
  "CRMH": 4402.96,
  "PNT": 7094.06,
  "SHITMOS": 56326.785094,
  "OSMO": 19.366259
}