{
  "CRMH": 34000.0,
  "PNT": 16595.66,
  "SHITMOS": 52953.778179,
  "OSMO": 20.446979
}