{
  "CRMH": 4402.96,
  "PNT": 2161.220001,
  "SHITMOS": 52084.485223,
  "OSMO": 5.696223
}