{
  "CRMH": 34000.0,
  "PNT": 34655.36,
  "SHITMOS": 52953.778179,
  "OSMO": 20.853499
}