{
  "factory/osmo1q77cw0mmlluxu0wr29fcdd0tdnh78gzhkvhe4n6ulal9qvrtu43qtd0nh8/crmh": 34000.0,
  "PNT": 34655.36,
  "SHITMOS": 46298.003833,
  "OSMO": 3.773553
}