{
  "CRMH": 9335.8,
  "PNT": 11895.92,
  "SHITMOS": 56326.785094,
  "OSMO": 19.590403
}