{
  "CRMH": 34000.0,
  "PNT": 34655.36,
  "SHITMOS": 61820.957276,
  "OSMO": 21.067643
}