{
  "CRMH": 34000.0,
  "PNT": 34655.36,
  "SHITMOS": 46253.522869,
  "OSMO": 3.666481
}