{
  "CRAZYHORSE": 48809.22,
  "CRMH": 199.8,
  "CWAD": 7000.0,
  "PNT": 532.8,
  "SHITMOS": 124901.009065,
  "ibc/498A0751C798A0D9A389AA3691123DADA57DAA4FE165D5C75894505B876BA6E4": 0.192876,
  "RSTK": 37.281921,
  "OSMO": 9.469256
}