{
  "CRMH": 34000.0,
  "PNT": 29955.62,
  "SHITMOS": 52953.778179,
  "OSMO": 20.746427
}