{
  "CRMH": 34000.0,
  "PNT": 34655.36,
  "SHITMOS": 70955.325722,
  "OSMO": 21.282381
}