{
  "CRMH": 4402.96,
  "PNT": 11895.92,
  "SHITMOS": 56326.785094,
  "OSMO": 19.478331
}