{
  "CRMH": 4402.96,
  "PNT": 2161.220001,
  "SHITMOS": 51578.325223,
  "OSMO": 5.564223
}