{
  "BAG": 0.000205,
  "CRAZYHORSE": 45153.249,
  "CRMH": 199.8,
  "CWAD": 7000.0,
  "PNT": 532.8,
  "SHITMOS": 119240.629069,
  "AKT": 1500.0,
  "ibc/498A0751C798A0D9A389AA3691123DADA57DAA4FE165D5C75894505B876BA6E4": 0.192876,
  "RSTK": 37.281921,
  "OSMO": 8.737167
}